len,MEA_score,time,pairs1,pairs2,iterations,pred_score,recall,precision,f1,lp_recall,lp_precision,lp_f1,recall_improvement,precision_improvement,f1_improvement,overall_improvement
64.38235294117646,11.55834617647059,0.1288296264760634,20.205882352941178,16.970588235294116,9.941176470588236,1.6109379411764706,0.6296306549905003,0.7951712333284672,0.6945202228560132,0.6058429678726425,0.7743344592097098,0.6696195911693418,0.023787687117857892,0.02083677411875754,0.024900631686671643,0.04462446123661545
64.38235294117646,11.55834617647059,0.542104160084444,25.029411764705884,16.970588235294116,18.558823529411764,6.396176764705881,0.6412607142857686,0.7728297339330322,0.6926776671058184,0.6058429678726425,0.7743344592097098,0.6696195911693418,0.03541774641312633,-0.001504725276677342,0.023058075936476845,0.03391302113644897
64.38235294117646,11.55834617647059,1.0021191134172327,25.029411764705884,20.205882352941178,20.470588235294116,7.644529705882352,0.6440173104926037,0.770737959763669,0.6933997040481753,0.6058429678726425,0.7743344592097098,0.6696195911693418,0.03817434261996136,-0.0035964994460405786,0.02378011287883355,0.034577843173920784
